date,year,iso_week,week_of_year,ccfi,source_image,source_row,ocr_text,status,review_note
2021-12-24,2021,2021-W51,51,3300.19,微信图片_20260524162035_1100_1.jpg,13,"20211224 3,300.19",reviewed,
2021-12-31,2021,2021-W52,52,3344.24,微信图片_20260524162035_1100_1.jpg,12,"20211231 3,344.24",reviewed,
2022-01-07,2022,2022-W01,1,3432.79,微信图片_20260524162035_1100_1.jpg,11,"20220107 3,432.79",reviewed,
2022-01-14,2022,2022-W02,2,3489.94,微信图片_20260524162035_1100_1.jpg,10,"20220114 3,489.94",reviewed,
2022-01-21,2022,2022-W03,3,3555.24,微信图片_20260524162035_1100_1.jpg,9,"20220121 3,555.24",reviewed,
2022-01-28,2022,2022-W04,4,3565.33,微信图片_20260524162035_1100_1.jpg,8,"20220128 3,565.33",reviewed,
2022-02-11,2022,2022-W06,6,3587.91,微信图片_20260524162035_1100_1.jpg,7,"20220211 3,587.91",reviewed,
2022-02-18,2022,2022-W07,7,3500.19,微信图片_20260524162035_1100_1.jpg,6,"20220218 3,500.19",reviewed,
2022-02-25,2022,2022-W08,8,3425.58,微信图片_20260524162035_1100_1.jpg,5,"20220225 3,425.58",reviewed,
2022-03-04,2022,2022-W09,9,3388.59,微信图片_20260524162035_1100_1.jpg,4,"20220304 3,388.59",reviewed,
2022-03-11,2022,2022-W10,10,3366.01,微信图片_20260524162035_1100_1.jpg,3,"20220311 3,366.01",reviewed,
2022-03-18,2022,2022-W11,11,3301.10,微信图片_20260524162035_1100_1.jpg,2,"20220318 3,301.10",reviewed,
2022-03-25,2022,2022-W12,12,3274.90,微信图片_20260524162035_1100_1.jpg,1,"20220325 3,274.90",reviewed,
2022-04-01,2022,2022-W13,13,3204.83,微信图片_20260524162036_1101_1.jpg,13,"20220401 3,204.83",reviewed,
2022-04-08,2022,2022-W14,14,3117.75,微信图片_20260524162036_1101_1.jpg,12,"20220408 3,117.75",reviewed,
2022-04-15,2022,2022-W15,15,3128.45,微信图片_20260524162036_1101_1.jpg,11,"20220415 3,128.45",reviewed,
2022-04-22,2022,2022-W16,16,3109.78,微信图片_20260524162036_1101_1.jpg,10,"20220422 3,109.78",reviewed,
2022-04-29,2022,2022-W17,17,3096.85,微信图片_20260524162036_1101_1.jpg,9,"20220429 3,096.85",reviewed,
2022-05-06,2022,2022-W18,18,3056.98,微信图片_20260524162036_1101_1.jpg,8,"20220506 3,056.98",reviewed,
2022-05-13,2022,2022-W19,19,3088.03,微信图片_20260524162036_1101_1.jpg,7,"20220513 3,088.03",reviewed,
2022-05-20,2022,2022-W20,20,3135.78,微信图片_20260524162036_1101_1.jpg,6,"20220520 3,135.78",reviewed,
2022-05-27,2022,2022-W21,21,3190.95,微信图片_20260524162036_1101_1.jpg,5,"20220527 3,190.95",reviewed,
2022-06-02,2022,2022-W22,22,3186.65,微信图片_20260524162036_1101_1.jpg,4,"20220602 3,186.65",reviewed,
2022-06-10,2022,2022-W23,23,3229.56,微信图片_20260524162036_1101_1.jpg,3,"20220610 3,229.56",reviewed,
2022-06-17,2022,2022-W24,24,3252.50,微信图片_20260524162036_1101_1.jpg,2,"20220617 3,252.50",reviewed,
2022-06-24,2022,2022-W25,25,3244.78,微信图片_20260524162036_1101_1.jpg,1,"20220624 3,244.78",reviewed,
2022-07-01,2022,2022-W26,26,3271.07,微信图片_20260524162039_1102_1.jpg,13,"20220701 3,271.07",reviewed,
2022-07-08,2022,2022-W27,27,3232.18,微信图片_20260524162039_1102_1.jpg,12,"20220708 3,232.18",reviewed,
2022-07-15,2022,2022-W28,28,3276.85,微信图片_20260524162039_1102_1.jpg,11,"20220715 3,276.85",reviewed,
2022-07-22,2022,2022-W29,29,3229.72,微信图片_20260524162039_1102_1.jpg,10,"20220722 3,229.72",reviewed,
2022-07-29,2022,2022-W30,30,3188.61,微信图片_20260524162039_1102_1.jpg,9,"20220729 3,188.61",reviewed,
2022-08-05,2022,2022-W31,31,3163.45,微信图片_20260524162039_1102_1.jpg,8,"20220805 3,163.45",reviewed,
2022-08-12,2022,2022-W32,32,3073.28,微信图片_20260524162039_1102_1.jpg,7,"20220812 3,073.28",reviewed,
2022-08-19,2022,2022-W33,33,2993.67,微信图片_20260524162039_1102_1.jpg,6,"20220819 2,993.67",reviewed,
2022-08-26,2022,2022-W34,34,2904.00,微信图片_20260524162039_1102_1.jpg,5,"20220826 2,904.00",reviewed,
2022-09-02,2022,2022-W35,35,2830.11,微信图片_20260524162039_1102_1.jpg,4,"20220902 2,830.11",reviewed,
2022-09-09,2022,2022-W36,36,2722.77,微信图片_20260524162039_1102_1.jpg,3,"20220909 2,722.77",reviewed,
2022-09-16,2022,2022-W37,37,2609.09,微信图片_20260524162039_1102_1.jpg,2,"20220916 2,609.09",reviewed,
2022-09-23,2022,2022-W38,38,2475.97,微信图片_20260524162039_1102_1.jpg,1,"20220923 2,475.97",reviewed,
2022-09-30,2022,2022-W39,39,2328.81,微信图片_20260524162041_1103_1.jpg,13,"20220930 2,328.81",reviewed,
2022-10-14,2022,2022-W41,41,2026.26,微信图片_20260524162041_1103_1.jpg,12,"20221014 2,026.26",reviewed,
2022-10-21,2022,2022-W42,42,1959.96,微信图片_20260524162041_1103_1.jpg,11,"20221021 1,959.96",reviewed,
2022-10-28,2022,2022-W43,43,1862.25,微信图片_20260524162041_1103_1.jpg,10,"20221028 1,862.25",reviewed,
2022-11-04,2022,2022-W44,44,1790.86,微信图片_20260524162041_1103_1.jpg,9,"20221104 1,790.86",reviewed,
2022-11-11,2022,2022-W45,45,1729.92,微信图片_20260524162041_1103_1.jpg,8,"20221111 1,729.92",reviewed,
2022-11-18,2022,2022-W46,46,1651.26,微信图片_20260524162041_1103_1.jpg,7,"20221118 1,651.26",reviewed,
2022-11-25,2022,2022-W47,47,1563.46,微信图片_20260524162041_1103_1.jpg,6,"20221125 1,563.46",reviewed,
2022-12-02,2022,2022-W48,48,1464.76,微信图片_20260524162041_1103_1.jpg,5,"20221202 1,464.76",reviewed,
2022-12-09,2022,2022-W49,49,1410.11,微信图片_20260524162041_1103_1.jpg,4,"20221209 1,410.11",reviewed,
2022-12-16,2022,2022-W50,50,1339.43,微信图片_20260524162041_1103_1.jpg,3,"20221216 1,339.43",reviewed,
2022-12-23,2022,2022-W51,51,1307.54,微信图片_20260524162041_1103_1.jpg,2,"20221223 1,307.54",reviewed,
2022-12-30,2022,2022-W52,52,1271.31,微信图片_20260524162041_1103_1.jpg,1,"20221230 1,271.31",reviewed,
2023-01-06,2023,2023-W01,1,1255.89,微信图片_20260524162042_1104_1.jpg,13,"20230106 1,255.89",reviewed,
2023-01-13,2023,2023-W02,2,1201.55,微信图片_20260524162042_1104_1.jpg,12,"20230113 1,201.55",reviewed,
2023-01-20,2023,2023-W03,3,1160.59,微信图片_20260524162042_1104_1.jpg,11,"20230120 1,160.59",reviewed,
2023-02-03,2023,2023-W05,5,1110.00,微信图片_20260524162042_1104_1.jpg,10,"20230203 1,110.00",reviewed,
2023-02-10,2023,2023-W06,6,1133.10,微信图片_20260524162042_1104_1.jpg,9,"20230210 1,133.10",reviewed,
2023-02-17,2023,2023-W07,7,1094.05,微信图片_20260524162042_1104_1.jpg,8,"20230217 1,094.05",reviewed,
2023-02-24,2023,2023-W08,8,1077.75,微信图片_20260524162042_1104_1.jpg,7,"20230224 1,077.75",reviewed,
2023-03-03,2023,2023-W09,9,1057.68,微信图片_20260524162042_1104_1.jpg,6,"20230303 1,057.68",reviewed,
2023-03-10,2023,2023-W10,10,1020.60,微信图片_20260524162042_1104_1.jpg,5,"20230310 1,020.60",reviewed,
2023-03-17,2023,2023-W11,11,992.50,微信图片_20260524162042_1104_1.jpg,4,"20230317 992.50",reviewed,
2023-03-24,2023,2023-W12,12,977.12,微信图片_20260524162042_1104_1.jpg,3,"20230324 977.12",reviewed,
2023-03-31,2023,2023-W13,13,958.43,微信图片_20260524162042_1104_1.jpg,2,"20230331 958.43",reviewed,
2023-04-07,2023,2023-W14,14,952.89,微信图片_20260524162042_1104_1.jpg,1,"20230407 952.89",reviewed,
2023-04-14,2023,2023-W15,15,942.14,微信图片_20260524162043_1105_1.jpg,13,"20230414 942.14",reviewed,
2023-04-21,2023,2023-W16,16,934.39,微信图片_20260524162043_1105_1.jpg,12,"20230421 934.39",reviewed,
2023-04-28,2023,2023-W17,17,964.49,微信图片_20260524162043_1105_1.jpg,11,"20230428 964.49",reviewed,
2023-05-05,2023,2023-W18,18,967.58,微信图片_20260524162043_1105_1.jpg,10,"20230505 967.58",reviewed,
2023-05-12,2023,2023-W19,19,955.93,微信图片_20260524162043_1105_1.jpg,9,"20230512 955.93",reviewed,
2023-05-19,2023,2023-W20,20,946.18,微信图片_20260524162043_1105_1.jpg,8,"20230519 946.18",reviewed,
2023-05-26,2023,2023-W21,21,938.74,微信图片_20260524162043_1105_1.jpg,7,"20230526 938.74",reviewed,
2023-06-02,2023,2023-W22,22,930.97,微信图片_20260524162043_1105_1.jpg,6,"20230602 930.97",reviewed,
2023-06-09,2023,2023-W23,23,921.48,微信图片_20260524162043_1105_1.jpg,5,"20230609 921.48",reviewed,
2023-06-16,2023,2023-W24,24,926.63,微信图片_20260524162043_1105_1.jpg,4,"20230616 926.63",reviewed,
2023-06-21,2023,2023-W25,25,919.63,微信图片_20260524162043_1105_1.jpg,3,"20230621 919.63",reviewed,
2023-06-30,2023,2023-W26,26,895.72,微信图片_20260524162043_1105_1.jpg,2,"20230630 895.72",reviewed,
2023-07-07,2023,2023-W27,27,880.20,微信图片_20260524162043_1105_1.jpg,1,"20230707 880.20",reviewed,
2023-07-14,2023,2023-W28,28,869.92,微信图片_20260524162044_1106_1.jpg,13,"20230714 869.92",reviewed,
2023-07-21,2023,2023-W29,29,866.08,微信图片_20260524162044_1106_1.jpg,12,"20230721 866.08",reviewed,
2023-07-28,2023,2023-W30,30,863.37,微信图片_20260524162044_1106_1.jpg,11,"20230728 863.37",reviewed,
2023-08-04,2023,2023-W31,31,864.39,微信图片_20260524162044_1106_1.jpg,10,"20230804 864.39",reviewed,
2023-08-11,2023,2023-W32,32,874.58,微信图片_20260524162044_1106_1.jpg,9,"20230811 874.58",reviewed,
2023-08-18,2023,2023-W33,33,889.52,微信图片_20260524162044_1106_1.jpg,8,"20230818 889.52",reviewed,
2023-08-25,2023,2023-W34,34,894.66,微信图片_20260524162044_1106_1.jpg,7,"20230825 894.66",reviewed,
2023-09-01,2023,2023-W35,35,892.98,微信图片_20260524162044_1106_1.jpg,6,"20230901 892.98",reviewed,
2023-09-08,2023,2023-W36,36,890.34,微信图片_20260524162044_1106_1.jpg,5,"20230908 890.34",reviewed,
2023-09-15,2023,2023-W37,37,875.21,微信图片_20260524162044_1106_1.jpg,4,"20230915 875.21",reviewed,
2023-09-22,2023,2023-W38,38,871.80,微信图片_20260524162044_1106_1.jpg,3,"20230922 871.80",reviewed,
2023-09-28,2023,2023-W39,39,851.96,微信图片_20260524162044_1106_1.jpg,2,"20230928 851.96",reviewed,
2023-10-13,2023,2023-W41,41,819.97,微信图片_20260524162044_1106_1.jpg,1,"20231013 819.97",reviewed,
2023-10-20,2023,2023-W42,42,817.20,微信图片_20260524162045_1107_1.jpg,13,"20231020 817.20",reviewed,
2023-10-27,2023,2023-W43,43,811.50,微信图片_20260524162045_1107_1.jpg,12,"20231027 811.50",reviewed,
2023-11-03,2023,2023-W44,44,827.84,微信图片_20260524162045_1107_1.jpg,11,"20231103 827.84",reviewed,
2023-11-10,2023,2023-W45,45,843.77,微信图片_20260524162045_1107_1.jpg,10,"20231110 843.77",reviewed,
2023-11-17,2023,2023-W46,46,872.11,微信图片_20260524162045_1107_1.jpg,9,"20231117 872.11",reviewed,
2023-11-24,2023,2023-W47,47,876.74,微信图片_20260524162045_1107_1.jpg,8,"20231124 876.74",reviewed,
2023-12-01,2023,2023-W48,48,857.72,微信图片_20260524162045_1107_1.jpg,7,"20231201 857.72",reviewed,
2023-12-08,2023,2023-W49,49,858.40,微信图片_20260524162045_1107_1.jpg,6,"20231208 858.40",reviewed,
2023-12-15,2023,2023-W50,50,869.34,微信图片_20260524162045_1107_1.jpg,5,"20231215 869.34",reviewed,
2023-12-22,2023,2023-W51,51,879.75,微信图片_20260524162045_1107_1.jpg,4,"20231222 879.75",reviewed,
2023-12-29,2023,2023-W52,52,909.19,微信图片_20260524162045_1107_1.jpg,3,"20231229 909.19",reviewed,
2024-01-05,2024,2024-W01,1,936.83,微信图片_20260524162045_1107_1.jpg,2,"20240105 936.83",reviewed,
2024-01-12,2024,2024-W02,2,1140.31,微信图片_20260524162045_1107_1.jpg,1,"20240112 1,140.31",reviewed,
2024-01-19,2024,2024-W03,3,1287.49,微信图片_20260524162046_1108_1.jpg,13,"20240119 1,287.49",reviewed,
2024-01-26,2024,2024-W04,4,1403.00,微信图片_20260524162046_1108_1.jpg,12,"20240126 1,403.00",reviewed,
2024-02-02,2024,2024-W05,5,1464.81,微信图片_20260524162046_1108_1.jpg,11,"20240202 1,464.81",reviewed,
2024-02-09,2024,2024-W06,6,1455.19,微信图片_20260524162046_1108_1.jpg,10,"20240209 1,455.19",reviewed,
2024-02-23,2024,2024-W08,8,1402.22,微信图片_20260524162046_1108_1.jpg,9,"20240223 1,402.22",reviewed,
2024-03-01,2024,2024-W09,9,1352.40,微信图片_20260524162046_1108_1.jpg,8,"20240301 1,352.40",reviewed,
2024-03-08,2024,2024-W10,10,1312.13,微信图片_20260524162046_1108_1.jpg,7,"20240308 1,312.13",reviewed,
2024-03-15,2024,2024-W11,11,1278.28,微信图片_20260524162046_1108_1.jpg,6,"20240315 1,278.28",reviewed,
2024-03-22,2024,2024-W12,12,1244.83,微信图片_20260524162046_1108_1.jpg,5,"20240322 1,244.83",reviewed,
2024-03-29,2024,2024-W13,13,1208.42,微信图片_20260524162046_1108_1.jpg,4,"20240329 1,208.42",reviewed,
2024-04-03,2024,2024-W14,14,1191.37,微信图片_20260524162046_1108_1.jpg,3,"20240403 1,191.37",reviewed,
2024-04-12,2024,2024-W15,15,1185.13,微信图片_20260524162046_1108_1.jpg,2,"20240412 1,185.13",reviewed,
2024-04-19,2024,2024-W16,16,1186.53,微信图片_20260524162046_1108_1.jpg,1,"20240419 1,186.53",reviewed,
2024-04-26,2024,2024-W17,17,1193.64,微信图片_20260524162048_1109_1.jpg,13,"20240426 1,193.64",reviewed,
2024-05-10,2024,2024-W19,19,1237.84,微信图片_20260524162048_1109_1.jpg,12,"20240510 1,237.84",reviewed,
2024-05-17,2024,2024-W20,20,1311.85,微信图片_20260524162048_1109_1.jpg,11,"20240517 1,311.85",reviewed,
2024-05-24,2024,2024-W21,21,1389.16,微信图片_20260524162048_1109_1.jpg,10,"20240524 1,389.16",reviewed,
2024-05-31,2024,2024-W22,22,1495.98,微信图片_20260524162048_1109_1.jpg,9,"20240531 1,495.98",reviewed,
2024-06-07,2024,2024-W23,23,1592.57,微信图片_20260524162048_1109_1.jpg,8,"20240607 1,592.57",reviewed,
2024-06-14,2024,2024-W24,24,1733.47,微信图片_20260524162048_1109_1.jpg,7,"20240614 1,733.47",reviewed,
2024-06-21,2024,2024-W25,25,1829.22,微信图片_20260524162048_1109_1.jpg,6,"20240621 1,829.22",reviewed,
2024-06-28,2024,2024-W26,26,1922.46,微信图片_20260524162048_1109_1.jpg,5,"20240628 1,922.46",reviewed,
2024-07-05,2024,2024-W27,27,2011.33,微信图片_20260524162048_1109_1.jpg,4,"20240705 2,011.33",reviewed,
2024-07-12,2024,2024-W28,28,2085.05,微信图片_20260524162048_1109_1.jpg,3,"20240712 2,085.05",reviewed,
2024-07-19,2024,2024-W29,29,2153.56,微信图片_20260524162048_1109_1.jpg,2,"20240719 2,153.56",reviewed,
2024-07-26,2024,2024-W30,30,2180.69,微信图片_20260524162048_1109_1.jpg,1,"20240726 2,180.69",reviewed,
2024-08-02,2024,2024-W31,31,2133.48,微信图片_20260524162049_1110_1.jpg,13,"20240802 2,133.48",reviewed,
2024-08-09,2024,2024-W32,32,2138.32,微信图片_20260524162049_1110_1.jpg,12,"20240809 2,138.32",reviewed,
2024-08-16,2024,2024-W33,33,2073.41,微信图片_20260524162049_1110_1.jpg,11,"20240816 2,073.41",reviewed,
2024-08-23,2024,2024-W34,34,2019.27,微信图片_20260524162049_1110_1.jpg,10,"20240823 2,019.27",reviewed,
2024-08-30,2024,2024-W35,35,1974.46,微信图片_20260524162049_1110_1.jpg,9,"20240830 1,974.46",reviewed,
2024-09-06,2024,2024-W36,36,1912.46,微信图片_20260524162049_1110_1.jpg,8,"20240906 1,912.46",reviewed,
2024-09-13,2024,2024-W37,37,1818.31,微信图片_20260524162049_1110_1.jpg,7,"20240913 1,818.31",reviewed,
2024-09-20,2024,2024-W38,38,1742.19,微信图片_20260524162049_1110_1.jpg,6,"20240920 1,742.19",reviewed,
2024-09-27,2024,2024-W39,39,1638.42,微信图片_20260524162049_1110_1.jpg,5,"20240927 1,638.42",reviewed,
2024-10-11,2024,2024-W41,41,1476.98,微信图片_20260524162049_1110_1.jpg,4,"20241011 1,476.98",reviewed,
2024-10-18,2024,2024-W42,42,1405.22,微信图片_20260524162049_1110_1.jpg,3,"20241018 1,405.22",reviewed,
2024-10-25,2024,2024-W43,43,1366.40,微信图片_20260524162049_1110_1.jpg,2,"20241025 1,366.40",reviewed,
2024-11-01,2024,2024-W44,44,1367.54,微信图片_20260524162049_1110_1.jpg,1,"20241101 1,367.54",reviewed,
2024-11-08,2024,2024-W45,45,1388.22,微信图片_20260524162051_1111_1.jpg,13,"20241108 1,388.22",reviewed,
2024-11-15,2024,2024-W46,46,1438.97,微信图片_20260524162051_1111_1.jpg,12,"20241115 1,438.97",reviewed,
2024-11-22,2024,2024-W47,47,1467.91,微信图片_20260524162051_1111_1.jpg,11,"20241122 1,467.91",reviewed,
2024-11-29,2024,2024-W48,48,1474.00,微信图片_20260524162051_1111_1.jpg,10,"20241129 1,474.00",reviewed,
2024-12-06,2024,2024-W49,49,1465.16,微信图片_20260524162051_1111_1.jpg,9,"20241206 1,465.16",reviewed,
2024-12-13,2024,2024-W50,50,1486.06,微信图片_20260524162051_1111_1.jpg,8,"20241213 1,486.06",reviewed,
2024-12-20,2024,2024-W51,51,1491.29,微信图片_20260524162051_1111_1.jpg,7,"20241220 1,491.29",reviewed,
2024-12-27,2024,2024-W52,52,1515.07,微信图片_20260524162051_1111_1.jpg,6,"20241227 1,515.07",reviewed,
2025-01-03,2025,2025-W01,1,1547.74,微信图片_20260524162051_1111_1.jpg,5,"20250103 1,547.74",reviewed,
2025-01-10,2025,2025-W02,2,1560.87,微信图片_20260524162051_1111_1.jpg,4,"20250110 1,560.87",reviewed,
2025-01-17,2025,2025-W03,3,1557.76,微信图片_20260524162051_1111_1.jpg,3,"20250117 1,557.76",reviewed,
2025-01-24,2025,2025-W04,4,1505.10,微信图片_20260524162051_1111_1.jpg,2,"20250124 1,505.10",reviewed,
2025-02-07,2025,2025-W06,6,1415.03,微信图片_20260524162051_1111_1.jpg,1,"20250207 1,415.03",reviewed,
2025-02-14,2025,2025-W07,7,1387.16,微信图片_20260524162052_1112_1.jpg,13,"20250214 1,387.16",reviewed,
2025-02-21,2025,2025-W08,8,1318.71,微信图片_20260524162052_1112_1.jpg,12,"20250221 1,318.71",reviewed,
2025-02-28,2025,2025-W09,9,1250.65,微信图片_20260524162052_1112_1.jpg,11,"20250228 1,250.65",reviewed,
2025-03-07,2025,2025-W10,10,1211.15,微信图片_20260524162052_1112_1.jpg,10,"20250307 1,211.15",reviewed,
2025-03-14,2025,2025-W11,11,1191.69,微信图片_20260524162052_1112_1.jpg,9,"20250314 1,191.69",reviewed,
2025-03-21,2025,2025-W12,12,1147.76,微信图片_20260524162052_1112_1.jpg,8,"20250321 1,147.76",reviewed,
2025-03-28,2025,2025-W13,13,1111.71,微信图片_20260524162052_1112_1.jpg,7,"20250328 1,111.71",reviewed,
2025-04-03,2025,2025-W14,14,1102.71,微信图片_20260524162052_1112_1.jpg,6,"20250403 1,102.71",reviewed,
2025-04-11,2025,2025-W15,15,1107.28,微信图片_20260524162052_1112_1.jpg,5,"20250411 1,107.28",reviewed,
2025-04-18,2025,2025-W16,16,1110.94,微信图片_20260524162052_1112_1.jpg,4,"20250418 1,110.94",reviewed,
2025-04-25,2025,2025-W17,17,1122.40,微信图片_20260524162052_1112_1.jpg,3,"20250425 1,122.40",reviewed,
2025-04-30,2025,2025-W18,18,1121.08,微信图片_20260524162052_1112_1.jpg,2,"20250430 1,121.08",reviewed,
2025-05-09,2025,2025-W19,19,1106.38,微信图片_20260524162052_1112_1.jpg,1,"20250509 1,106.38",reviewed,
2025-05-16,2025,2025-W20,20,1104.88,微信图片_20260524162053_1113_1.jpg,13,"20250516 1,104.88",reviewed,
2025-05-23,2025,2025-W21,21,1107.40,微信图片_20260524162053_1113_1.jpg,12,"20250523 1,107.40",reviewed,
2025-05-30,2025,2025-W22,22,1117.61,微信图片_20260524162053_1113_1.jpg,11,"20250530 1,117.61",reviewed,
2025-06-06,2025,2025-W23,23,1154.98,微信图片_20260524162053_1113_1.jpg,10,"20250606 1,154.98",reviewed,
2025-06-13,2025,2025-W24,24,1243.05,微信图片_20260524162053_1113_1.jpg,9,"20250613 1,243.05",reviewed,
2025-06-20,2025,2025-W25,25,1342.46,微信图片_20260524162053_1113_1.jpg,8,"20250620 1,342.46",reviewed,
2025-06-27,2025,2025-W26,26,1369.34,微信图片_20260524162053_1113_1.jpg,7,"20250627 1,369.34",reviewed,
2025-07-04,2025,2025-W27,27,1342.99,微信图片_20260524162053_1113_1.jpg,6,"20250704 1,342.99",reviewed,
2025-07-11,2025,2025-W28,28,1313.70,微信图片_20260524162053_1113_1.jpg,5,"20250711 1,313.70",reviewed,
2025-07-18,2025,2025-W29,29,1303.54,微信图片_20260524162053_1113_1.jpg,4,"20250718 1,303.54",reviewed,
2025-07-25,2025,2025-W30,30,1261.35,微信图片_20260524162053_1113_1.jpg,3,"20250725 1,261.35",reviewed,
2025-08-01,2025,2025-W31,31,1232.29,微信图片_20260524162053_1113_1.jpg,2,"20250801 1,232.29",reviewed,
2025-08-08,2025,2025-W32,32,1200.73,微信图片_20260524162053_1113_1.jpg,1,"20250808 1,200.73",reviewed,
2025-08-15,2025,2025-W33,33,1193.34,微信图片_20260524162054_1114_1.jpg,13,"20250815 1,193.34",reviewed,
2025-08-22,2025,2025-W34,34,1174.87,微信图片_20260524162054_1114_1.jpg,12,"20250822 1,174.87",reviewed,
2025-08-29,2025,2025-W35,35,1156.32,微信图片_20260524162054_1114_1.jpg,11,"20250829 1,156.32",reviewed,
2025-09-05,2025,2025-W36,36,1149.14,微信图片_20260524162054_1114_1.jpg,10,"20250905 1,149.14",reviewed,
2025-09-12,2025,2025-W37,37,1125.30,微信图片_20260524162054_1114_1.jpg,9,"20250912 1,125.30",reviewed,
2025-09-19,2025,2025-W38,38,1120.23,微信图片_20260524162054_1114_1.jpg,8,"20250919 1,120.23",reviewed,
2025-09-26,2025,2025-W39,39,1087.41,微信图片_20260524162054_1114_1.jpg,7,"20250926 1,087.41",reviewed,
2025-10-10,2025,2025-W41,41,1014.78,微信图片_20260524162054_1114_1.jpg,6,"20251010 1,014.78",reviewed,
2025-10-17,2025,2025-W42,42,973.11,微信图片_20260524162054_1114_1.jpg,5,"20251017 973.11",reviewed,
2025-10-24,2025,2025-W43,43,992.74,微信图片_20260524162054_1114_1.jpg,4,"20251024 992.74",reviewed,
2025-10-31,2025,2025-W44,44,1021.39,微信图片_20260524162054_1114_1.jpg,3,"20251031 1,021.39",reviewed,
2025-11-07,2025,2025-W45,45,1058.17,微信图片_20260524162054_1114_1.jpg,2,"20251107 1,058.17",reviewed,
2025-11-14,2025,2025-W46,46,1094.03,微信图片_20260524162054_1114_1.jpg,1,"20251114 1,094.03",reviewed,
2025-11-21,2025,2025-W47,47,1122.79,微信图片_20260524162055_1115_1.jpg,13,"20251121 1,122.79",reviewed,
2025-11-28,2025,2025-W48,48,1121.80,微信图片_20260524162055_1115_1.jpg,12,"20251128 1,121.80",reviewed,
2025-12-05,2025,2025-W49,49,1114.89,微信图片_20260524162055_1115_1.jpg,11,"20251205 1,114.89",reviewed,
2025-12-12,2025,2025-W50,50,1118.07,微信图片_20260524162055_1115_1.jpg,10,"20251212 1,118.07",reviewed,
2025-12-19,2025,2025-W51,51,1124.73,微信图片_20260524162055_1115_1.jpg,9,"20251219 1,124.73",reviewed,
2025-12-26,2025,2025-W52,52,1146.67,微信图片_20260524162055_1115_1.jpg,8,"20251226 1,146.67",reviewed,
2026-01-09,2026,2026-W02,2,1194.89,微信图片_20260524162055_1115_1.jpg,7,"20260109 1,194.89",reviewed,
2026-01-16,2026,2026-W03,3,1209.85,微信图片_20260524162055_1115_1.jpg,6,"20260116 1,209.85",reviewed,
2026-01-23,2026,2026-W04,4,1208.75,微信图片_20260524162055_1115_1.jpg,5,"20260123 1,208.75",reviewed,
2026-01-30,2026,2026-W05,5,1175.59,微信图片_20260524162055_1115_1.jpg,4,"20260130 1,175.59",reviewed,
2026-02-06,2026,2026-W06,6,1122.15,微信图片_20260524162055_1115_1.jpg,3,"20260206 1,122.15",reviewed,
2026-02-13,2026,2026-W07,7,1088.14,微信图片_20260524162055_1115_1.jpg,2,"20260213 1,088.14",reviewed,
2026-02-27,2026,2026-W09,9,1044.57,微信图片_20260524162055_1115_1.jpg,1,"20260227 1,044.57",reviewed,
2026-03-06,2026,2026-W10,10,1054.26,微信图片_20260524162055_1116_1.jpg,12,"20260306 1,054.26",reviewed,
2026-03-13,2026,2026-W11,11,1072.16,微信图片_20260524162055_1116_1.jpg,11,"20260313 1,072.16",reviewed,
2026-03-20,2026,2026-W12,12,1120.61,微信图片_20260524162055_1116_1.jpg,10,"20260320 1,120.61",reviewed,
2026-03-27,2026,2026-W13,13,1139.04,微信图片_20260524162055_1116_1.jpg,9,"20260327 1,139.04",reviewed,
2026-04-03,2026,2026-W14,14,1184.70,微信图片_20260524162055_1116_1.jpg,8,"20260403 1,184.70",reviewed,
2026-04-10,2026,2026-W15,15,1209.84,微信图片_20260524162055_1116_1.jpg,7,"20260410 1,209.84",reviewed,
2026-04-17,2026,2026-W16,16,1211.08,微信图片_20260524162055_1116_1.jpg,6,"20260417 1,211.08",reviewed,
2026-04-24,2026,2026-W17,17,1233.76,微信图片_20260524162055_1116_1.jpg,5,"20260424 1,233.76",reviewed,
2026-04-30,2026,2026-W18,18,1269.64,微信图片_20260524162055_1116_1.jpg,4,"20260430 1,269.64",reviewed,
2026-05-08,2026,2026-W19,19,1278.79,微信图片_20260524162055_1116_1.jpg,3,"20260508 1,278.79",reviewed,
2026-05-15,2026,2026-W20,20,1280.46,微信图片_20260524162055_1116_1.jpg,2,"20260515 1,280.46",reviewed,
2026-05-22,2026,2026-W21,21,1317.36,微信图片_20260524162055_1116_1.jpg,1,"20260522 1,317.36",reviewed,
